hours,point
1,0.3937007874
2,0.7874015748
3,1.181102362
4,1.57480315
